n_tokens_content,0,1
35.0,1.0,0.0
47.0,1.0,0.0
57.0,1.0,0.0
65.0,1.0,0.0
66.0,0.0,1.0
67.0,1.0,0.0
73.0,0.6666666666666666,0.3333333333333333
74.0,1.0,0.0
75.0,1.0,0.0
76.0,1.0,0.0
77.0,1.0,0.0
78.0,1.0,0.0
79.0,1.0,0.0
80.0,1.0,0.0
83.0,1.0,0.0
85.0,1.0,0.0
86.0,1.0,0.0
87.0,1.0,0.0
88.0,1.0,0.0
89.0,1.0,0.0
90.0,0.5,0.5
91.0,0.0,1.0
93.0,0.0,1.0
95.0,1.0,0.0
96.0,1.0,0.0
98.0,1.0,0.0
100.0,1.0,0.0
101.0,0.6666666666666666,0.3333333333333333
102.0,1.0,0.0
103.0,1.0,0.0
104.0,0.5,0.5
105.0,1.0,0.0
106.0,1.0,0.0
107.0,0.0,1.0
108.0,1.0,0.0
109.0,1.0,0.0
110.0,1.0,0.0
111.0,0.6666666666666666,0.3333333333333333
113.0,0.75,0.25
114.0,1.0,0.0
115.0,1.0,0.0
116.0,0.8,0.2
118.0,1.0,0.0
119.0,1.0,0.0
120.0,1.0,0.0
121.0,1.0,0.0
122.0,1.0,0.0
123.0,0.8,0.2
124.0,1.0,0.0
125.0,1.0,0.0
126.0,1.0,0.0
127.0,1.0,0.0
128.0,0.6666666666666666,0.3333333333333333
129.0,1.0,0.0
130.0,1.0,0.0
131.0,0.5,0.5
132.0,1.0,0.0
133.0,1.0,0.0
134.0,1.0,0.0
135.0,0.6666666666666666,0.3333333333333333
136.0,0.8333333333333334,0.16666666666666666
137.0,0.6,0.4
138.0,0.625,0.375
139.0,1.0,0.0
140.0,1.0,0.0
141.0,0.0,1.0
142.0,1.0,0.0
143.0,1.0,0.0
144.0,1.0,0.0
145.0,1.0,0.0
146.0,0.5,0.5
147.0,0.75,0.25
148.0,1.0,0.0
149.0,1.0,0.0
150.0,0.8,0.2
151.0,0.8,0.2
152.0,0.3333333333333333,0.6666666666666666
153.0,0.8,0.2
154.0,0.875,0.125
155.0,0.5,0.5
156.0,0.6,0.4
157.0,1.0,0.0
158.0,1.0,0.0
159.0,0.8,0.2
160.0,0.75,0.25
161.0,0.6,0.4
162.0,0.8571428571428571,0.14285714285714285
163.0,1.0,0.0
164.0,1.0,0.0
165.0,0.8333333333333334,0.16666666666666666
166.0,0.75,0.25
167.0,0.6,0.4
168.0,0.8181818181818182,0.18181818181818182
169.0,1.0,0.0
170.0,0.75,0.25
171.0,0.6,0.4
172.0,0.4,0.6
173.0,0.42857142857142855,0.5714285714285714
174.0,0.6666666666666666,0.3333333333333333
175.0,0.875,0.125
176.0,1.0,0.0
177.0,0.8571428571428571,0.14285714285714285
178.0,0.6666666666666666,0.3333333333333333
179.0,0.8333333333333334,0.16666666666666666
180.0,0.9,0.1
181.0,1.0,0.0
182.0,0.8571428571428571,0.14285714285714285
183.0,0.0,1.0
184.0,1.0,0.0
185.0,0.75,0.25
186.0,0.8333333333333334,0.16666666666666666
187.0,0.6,0.4
188.0,0.5,0.5
189.0,0.7777777777777778,0.2222222222222222
190.0,0.7692307692307693,0.23076923076923078
191.0,0.7777777777777778,0.2222222222222222
192.0,0.8571428571428571,0.14285714285714285
193.0,0.42857142857142855,0.5714285714285714
194.0,0.75,0.25
195.0,0.8571428571428571,0.14285714285714285
196.0,0.8333333333333334,0.16666666666666666
197.0,0.9166666666666666,0.08333333333333333
198.0,0.6666666666666666,0.3333333333333333
199.0,0.6,0.4
200.0,0.8571428571428571,0.14285714285714285
201.0,0.7,0.3
202.0,0.4,0.6
203.0,0.6666666666666666,0.3333333333333333
204.0,0.75,0.25
205.0,0.9166666666666666,0.08333333333333333
206.0,0.6666666666666666,0.3333333333333333
207.0,1.0,0.0
208.0,0.6,0.4
209.0,0.6666666666666666,0.3333333333333333
210.0,0.6666666666666666,0.3333333333333333
211.0,0.875,0.125
212.0,0.7272727272727273,0.2727272727272727
213.0,0.75,0.25
214.0,0.8,0.2
215.0,0.75,0.25
216.0,1.0,0.0
217.0,0.8,0.2
218.0,0.8888888888888888,0.1111111111111111
219.0,0.8,0.2
220.0,0.9,0.1
221.0,0.8,0.2
222.0,0.7,0.3
223.0,0.625,0.375
224.0,0.9166666666666666,0.08333333333333333
225.0,0.5714285714285714,0.42857142857142855
226.0,0.6666666666666666,0.3333333333333333
227.0,0.8181818181818182,0.18181818181818182
228.0,1.0,0.0
229.0,0.8333333333333334,0.16666666666666666
230.0,0.8333333333333334,0.16666666666666666
231.0,0.8333333333333334,0.16666666666666666
232.0,0.75,0.25
233.0,0.7692307692307693,0.23076923076923078
234.0,0.6666666666666666,0.3333333333333333
235.0,0.75,0.25
236.0,0.8,0.2
237.0,0.9090909090909091,0.09090909090909091
238.0,0.875,0.125
239.0,0.8,0.2
240.0,0.8333333333333334,0.16666666666666666
241.0,0.6428571428571429,0.35714285714285715
242.0,0.875,0.125
243.0,0.875,0.125
244.0,0.7,0.3
245.0,1.0,0.0
246.0,0.9230769230769231,0.07692307692307693
247.0,0.8,0.2
248.0,1.0,0.0
249.0,0.7,0.3
250.0,0.875,0.125
251.0,0.8571428571428571,0.14285714285714285
252.0,0.8888888888888888,0.1111111111111111
253.0,0.5555555555555556,0.4444444444444444
254.0,0.7777777777777778,0.2222222222222222
255.0,0.8,0.2
256.0,0.7777777777777778,0.2222222222222222
257.0,1.0,0.0
258.0,0.6666666666666666,0.3333333333333333
259.0,0.7,0.3
260.0,0.8571428571428571,0.14285714285714285
261.0,0.8,0.2
262.0,0.875,0.125
263.0,1.0,0.0
264.0,0.7692307692307693,0.23076923076923078
265.0,0.7142857142857143,0.2857142857142857
266.0,0.9,0.1
267.0,0.9090909090909091,0.09090909090909091
268.0,0.9,0.1
269.0,0.8,0.2
270.0,0.8333333333333334,0.16666666666666666
271.0,0.8181818181818182,0.18181818181818182
272.0,0.7272727272727273,0.2727272727272727
273.0,0.7368421052631579,0.2631578947368421
274.0,0.7647058823529411,0.23529411764705882
275.0,0.8235294117647058,0.17647058823529413
276.0,0.8333333333333334,0.16666666666666666
277.0,0.8,0.2
278.0,1.0,0.0
279.0,0.8235294117647058,0.17647058823529413
280.0,0.9090909090909091,0.09090909090909091
281.0,0.6666666666666666,0.3333333333333333
282.0,0.875,0.125
283.0,0.9333333333333333,0.06666666666666667
284.0,0.8571428571428571,0.14285714285714285
285.0,0.875,0.125
286.0,0.8823529411764706,0.11764705882352941
287.0,0.6470588235294118,0.35294117647058826
288.0,0.8181818181818182,0.18181818181818182
289.0,0.7857142857142857,0.21428571428571427
290.0,0.9090909090909091,0.09090909090909091
291.0,0.7647058823529411,0.23529411764705882
292.0,0.8888888888888888,0.1111111111111111
293.0,1.0,0.0
294.0,0.8333333333333334,0.16666666666666666
295.0,0.6666666666666666,0.3333333333333333
296.0,0.8,0.2
297.0,0.875,0.125
298.0,0.875,0.125
299.0,0.7777777777777778,0.2222222222222222
300.0,0.7777777777777778,0.2222222222222222
301.0,0.8,0.2
302.0,0.8888888888888888,0.1111111111111111
303.0,0.6875,0.3125
304.0,0.5,0.5
305.0,0.7,0.3
306.0,0.8888888888888888,0.1111111111111111
307.0,1.0,0.0
308.0,0.8571428571428571,0.14285714285714285
309.0,0.8461538461538461,0.15384615384615385
310.0,0.7333333333333333,0.26666666666666666
311.0,0.9285714285714286,0.07142857142857142
312.0,0.8181818181818182,0.18181818181818182
313.0,0.6363636363636364,0.36363636363636365
314.0,0.7272727272727273,0.2727272727272727
315.0,0.6666666666666666,0.3333333333333333
316.0,0.9090909090909091,0.09090909090909091
317.0,0.6,0.4
318.0,0.8181818181818182,0.18181818181818182
319.0,0.8,0.2
320.0,0.7272727272727273,0.2727272727272727
321.0,0.9090909090909091,0.09090909090909091
322.0,1.0,0.0
323.0,0.5714285714285714,0.42857142857142855
324.0,1.0,0.0
325.0,0.9166666666666666,0.08333333333333333
326.0,0.7777777777777778,0.2222222222222222
327.0,0.8666666666666667,0.13333333333333333
328.0,0.75,0.25
329.0,0.875,0.125
330.0,0.8571428571428571,0.14285714285714285
331.0,0.7,0.3
332.0,0.9230769230769231,0.07692307692307693
333.0,0.75,0.25
334.0,0.8571428571428571,0.14285714285714285
335.0,0.875,0.125
336.0,0.6428571428571429,0.35714285714285715
337.0,0.7333333333333333,0.26666666666666666
338.0,0.7777777777777778,0.2222222222222222
339.0,0.9,0.1
340.0,0.7058823529411765,0.29411764705882354
341.0,0.9166666666666666,0.08333333333333333
342.0,0.5,0.5
343.0,1.0,0.0
344.0,0.7,0.3
345.0,0.9166666666666666,0.08333333333333333
346.0,0.9,0.1
347.0,0.8333333333333334,0.16666666666666666
348.0,0.7142857142857143,0.2857142857142857
349.0,0.625,0.375
350.0,0.8888888888888888,0.1111111111111111
351.0,0.6923076923076923,0.3076923076923077
352.0,1.0,0.0
353.0,0.5,0.5
354.0,0.7647058823529411,0.23529411764705882
355.0,0.625,0.375
356.0,0.6666666666666666,0.3333333333333333
357.0,0.8888888888888888,0.1111111111111111
358.0,0.6,0.4
359.0,1.0,0.0
360.0,0.7333333333333333,0.26666666666666666
361.0,0.9230769230769231,0.07692307692307693
362.0,1.0,0.0
363.0,0.8888888888888888,0.1111111111111111
364.0,0.8181818181818182,0.18181818181818182
365.0,0.8333333333333334,0.16666666666666666
366.0,0.8888888888888888,0.1111111111111111
367.0,0.9230769230769231,0.07692307692307693
368.0,0.9166666666666666,0.08333333333333333
369.0,1.0,0.0
370.0,0.75,0.25
371.0,0.75,0.25
372.0,0.5,0.5
373.0,0.9333333333333333,0.06666666666666667
374.0,1.0,0.0
375.0,0.8181818181818182,0.18181818181818182
376.0,0.7692307692307693,0.23076923076923078
377.0,0.8,0.2
378.0,0.5,0.5
379.0,0.75,0.25
380.0,0.7692307692307693,0.23076923076923078
381.0,0.7777777777777778,0.2222222222222222
382.0,0.7,0.3
383.0,1.0,0.0
384.0,0.8,0.2
385.0,0.9166666666666666,0.08333333333333333
386.0,0.6666666666666666,0.3333333333333333
387.0,0.6666666666666666,0.3333333333333333
388.0,0.9285714285714286,0.07142857142857142
389.0,0.5833333333333334,0.4166666666666667
390.0,0.8,0.2
391.0,0.75,0.25
392.0,0.8571428571428571,0.14285714285714285
393.0,0.6666666666666666,0.3333333333333333
394.0,0.9166666666666666,0.08333333333333333
395.0,0.9333333333333333,0.06666666666666667
396.0,0.875,0.125
397.0,0.8181818181818182,0.18181818181818182
398.0,1.0,0.0
399.0,0.8421052631578947,0.15789473684210525
400.0,1.0,0.0
401.0,1.0,0.0
402.0,0.75,0.25
403.0,0.4444444444444444,0.5555555555555556
404.0,0.7272727272727273,0.2727272727272727
405.0,0.7,0.3
406.0,0.875,0.125
407.0,1.0,0.0
408.0,1.0,0.0
409.0,0.8333333333333334,0.16666666666666666
410.0,0.7058823529411765,0.29411764705882354
411.0,0.7142857142857143,0.2857142857142857
412.0,1.0,0.0
413.0,0.9230769230769231,0.07692307692307693
414.0,0.8333333333333334,0.16666666666666666
415.0,1.0,0.0
416.0,0.7272727272727273,0.2727272727272727
417.0,1.0,0.0
418.0,0.9,0.1
419.0,0.8181818181818182,0.18181818181818182
420.0,0.7692307692307693,0.23076923076923078
421.0,0.8333333333333334,0.16666666666666666
422.0,0.8181818181818182,0.18181818181818182
423.0,1.0,0.0
424.0,0.8,0.2
425.0,0.75,0.25
426.0,0.875,0.125
427.0,0.9090909090909091,0.09090909090909091
428.0,0.9230769230769231,0.07692307692307693
429.0,0.8333333333333334,0.16666666666666666
430.0,0.8181818181818182,0.18181818181818182
431.0,0.6666666666666666,0.3333333333333333
432.0,0.6153846153846154,0.38461538461538464
433.0,1.0,0.0
434.0,0.9090909090909091,0.09090909090909091
435.0,0.9230769230769231,0.07692307692307693
436.0,0.9230769230769231,0.07692307692307693
437.0,0.9,0.1
438.0,0.8571428571428571,0.14285714285714285
439.0,0.7,0.3
440.0,0.8,0.2
441.0,1.0,0.0
442.0,1.0,0.0
443.0,0.8333333333333334,0.16666666666666666
444.0,1.0,0.0
445.0,0.7272727272727273,0.2727272727272727
446.0,0.75,0.25
447.0,0.8888888888888888,0.1111111111111111
448.0,1.0,0.0
449.0,0.8888888888888888,0.1111111111111111
450.0,0.8333333333333334,0.16666666666666666
451.0,0.8,0.2
452.0,0.7894736842105263,0.21052631578947367
453.0,0.7777777777777778,0.2222222222222222
454.0,0.6666666666666666,0.3333333333333333
455.0,0.8571428571428571,0.14285714285714285
456.0,0.6,0.4
457.0,0.875,0.125
458.0,1.0,0.0
459.0,0.8181818181818182,0.18181818181818182
460.0,0.8181818181818182,0.18181818181818182
461.0,0.7777777777777778,0.2222222222222222
462.0,0.8,0.2
463.0,0.7142857142857143,0.2857142857142857
464.0,0.7777777777777778,0.2222222222222222
465.0,1.0,0.0
466.0,0.8333333333333334,0.16666666666666666
467.0,0.8571428571428571,0.14285714285714285
468.0,0.8333333333333334,0.16666666666666666
469.0,0.875,0.125
470.0,0.8,0.2
471.0,0.875,0.125
472.0,0.8333333333333334,0.16666666666666666
473.0,0.6666666666666666,0.3333333333333333
474.0,0.8888888888888888,0.1111111111111111
475.0,0.9090909090909091,0.09090909090909091
476.0,1.0,0.0
477.0,0.7,0.3
478.0,0.8571428571428571,0.14285714285714285
479.0,0.8,0.2
480.0,0.625,0.375
481.0,1.0,0.0
482.0,1.0,0.0
483.0,0.8,0.2
484.0,0.3333333333333333,0.6666666666666666
485.0,0.8235294117647058,0.17647058823529413
486.0,1.0,0.0
487.0,0.7272727272727273,0.2727272727272727
488.0,1.0,0.0
489.0,1.0,0.0
490.0,0.6428571428571429,0.35714285714285715
491.0,1.0,0.0
492.0,0.6666666666666666,0.3333333333333333
493.0,0.6363636363636364,0.36363636363636365
494.0,1.0,0.0
495.0,0.8333333333333334,0.16666666666666666
496.0,0.7777777777777778,0.2222222222222222
497.0,0.8333333333333334,0.16666666666666666
498.0,0.9,0.1
499.0,0.5,0.5
500.0,1.0,0.0
501.0,0.8571428571428571,0.14285714285714285
502.0,0.8571428571428571,0.14285714285714285
503.0,0.9,0.1
504.0,1.0,0.0
505.0,0.7222222222222222,0.2777777777777778
506.0,0.9090909090909091,0.09090909090909091
507.0,1.0,0.0
508.0,0.8888888888888888,0.1111111111111111
509.0,1.0,0.0
510.0,0.5833333333333334,0.4166666666666667
511.0,0.9090909090909091,0.09090909090909091
512.0,0.8333333333333334,0.16666666666666666
513.0,1.0,0.0
514.0,1.0,0.0
515.0,0.8,0.2
516.0,0.8888888888888888,0.1111111111111111
517.0,1.0,0.0
518.0,0.8333333333333334,0.16666666666666666
519.0,0.8888888888888888,0.1111111111111111
520.0,0.9090909090909091,0.09090909090909091
521.0,0.8181818181818182,0.18181818181818182
522.0,1.0,0.0
523.0,1.0,0.0
524.0,0.75,0.25
525.0,0.6666666666666666,0.3333333333333333
526.0,0.8571428571428571,0.14285714285714285
527.0,0.8571428571428571,0.14285714285714285
528.0,0.5,0.5
529.0,0.8333333333333334,0.16666666666666666
530.0,0.7142857142857143,0.2857142857142857
531.0,0.8,0.2
532.0,1.0,0.0
533.0,0.8,0.2
534.0,0.6666666666666666,0.3333333333333333
535.0,0.875,0.125
536.0,0.8333333333333334,0.16666666666666666
537.0,0.5714285714285714,0.42857142857142855
538.0,0.75,0.25
539.0,0.8571428571428571,0.14285714285714285
540.0,0.8461538461538461,0.15384615384615385
541.0,0.7272727272727273,0.2727272727272727
542.0,0.7142857142857143,0.2857142857142857
543.0,0.75,0.25
544.0,1.0,0.0
545.0,0.7,0.3
546.0,0.75,0.25
547.0,0.5,0.5
548.0,0.8333333333333334,0.16666666666666666
549.0,0.8333333333333334,0.16666666666666666
550.0,0.875,0.125
551.0,0.8,0.2
552.0,0.8571428571428571,0.14285714285714285
553.0,0.875,0.125
554.0,0.6923076923076923,0.3076923076923077
555.0,0.8,0.2
556.0,1.0,0.0
557.0,0.7272727272727273,0.2727272727272727
558.0,0.75,0.25
559.0,0.8888888888888888,0.1111111111111111
560.0,0.7272727272727273,0.2727272727272727
561.0,0.875,0.125
562.0,0.875,0.125
563.0,1.0,0.0
564.0,1.0,0.0
565.0,0.8333333333333334,0.16666666666666666
566.0,0.7272727272727273,0.2727272727272727
567.0,0.6,0.4
568.0,1.0,0.0
569.0,1.0,0.0
570.0,0.0,1.0
571.0,0.8571428571428571,0.14285714285714285
572.0,0.875,0.125
573.0,0.75,0.25
574.0,1.0,0.0
575.0,1.0,0.0
576.0,0.9333333333333333,0.06666666666666667
577.0,0.8,0.2
578.0,0.5833333333333334,0.4166666666666667
579.0,0.8571428571428571,0.14285714285714285
580.0,1.0,0.0
581.0,1.0,0.0
582.0,0.6666666666666666,0.3333333333333333
583.0,1.0,0.0
584.0,0.5714285714285714,0.42857142857142855
585.0,0.9090909090909091,0.09090909090909091
586.0,1.0,0.0
587.0,1.0,0.0
588.0,0.25,0.75
589.0,1.0,0.0
590.0,1.0,0.0
591.0,0.9,0.1
592.0,0.8333333333333334,0.16666666666666666
593.0,0.9,0.1
594.0,0.7857142857142857,0.21428571428571427
595.0,1.0,0.0
596.0,0.25,0.75
597.0,1.0,0.0
598.0,1.0,0.0
599.0,1.0,0.0
600.0,1.0,0.0
601.0,1.0,0.0
602.0,0.875,0.125
603.0,0.8571428571428571,0.14285714285714285
604.0,0.5,0.5
605.0,0.8,0.2
606.0,0.5714285714285714,0.42857142857142855
607.0,0.6666666666666666,0.3333333333333333
608.0,0.7142857142857143,0.2857142857142857
609.0,1.0,0.0
610.0,1.0,0.0
611.0,0.9,0.1
612.0,0.875,0.125
613.0,0.8181818181818182,0.18181818181818182
614.0,0.6,0.4
615.0,0.9,0.1
616.0,0.5,0.5
617.0,0.625,0.375
618.0,0.6,0.4
619.0,0.6666666666666666,0.3333333333333333
620.0,1.0,0.0
621.0,0.8181818181818182,0.18181818181818182
622.0,0.7142857142857143,0.2857142857142857
623.0,0.7142857142857143,0.2857142857142857
624.0,0.9090909090909091,0.09090909090909091
625.0,0.6666666666666666,0.3333333333333333
626.0,0.5,0.5
627.0,0.8571428571428571,0.14285714285714285
628.0,1.0,0.0
629.0,0.875,0.125
630.0,1.0,0.0
631.0,1.0,0.0
632.0,0.7142857142857143,0.2857142857142857
633.0,0.7777777777777778,0.2222222222222222
634.0,1.0,0.0
635.0,0.8,0.2
636.0,0.75,0.25
637.0,1.0,0.0
638.0,1.0,0.0
639.0,0.8,0.2
640.0,1.0,0.0
641.0,0.7142857142857143,0.2857142857142857
642.0,0.8,0.2
643.0,0.8888888888888888,0.1111111111111111
644.0,1.0,0.0
645.0,1.0,0.0
646.0,0.8333333333333334,0.16666666666666666
647.0,0.875,0.125
648.0,0.875,0.125
649.0,1.0,0.0
650.0,0.5714285714285714,0.42857142857142855
651.0,0.6666666666666666,0.3333333333333333
652.0,0.7142857142857143,0.2857142857142857
653.0,0.625,0.375
654.0,1.0,0.0
655.0,1.0,0.0
656.0,1.0,0.0
657.0,1.0,0.0
658.0,1.0,0.0
659.0,0.6666666666666666,0.3333333333333333
660.0,0.5,0.5
661.0,0.8571428571428571,0.14285714285714285
662.0,0.7142857142857143,0.2857142857142857
663.0,0.8571428571428571,0.14285714285714285
664.0,1.0,0.0
665.0,0.6,0.4
666.0,1.0,0.0
667.0,0.8333333333333334,0.16666666666666666
668.0,0.6,0.4
669.0,0.5,0.5
670.0,1.0,0.0
671.0,0.4,0.6
672.0,1.0,0.0
673.0,1.0,0.0
674.0,0.5714285714285714,0.42857142857142855
675.0,0.9,0.1
676.0,0.5,0.5
677.0,1.0,0.0
678.0,0.8333333333333334,0.16666666666666666
679.0,0.75,0.25
680.0,0.8888888888888888,0.1111111111111111
681.0,0.9,0.1
682.0,0.6666666666666666,0.3333333333333333
683.0,0.7142857142857143,0.2857142857142857
684.0,1.0,0.0
685.0,0.6666666666666666,0.3333333333333333
686.0,0.8,0.2
687.0,1.0,0.0
688.0,1.0,0.0
689.0,0.5,0.5
690.0,0.8333333333333334,0.16666666666666666
691.0,1.0,0.0
693.0,0.6666666666666666,0.3333333333333333
694.0,0.7777777777777778,0.2222222222222222
695.0,0.875,0.125
696.0,1.0,0.0
697.0,1.0,0.0
698.0,1.0,0.0
699.0,0.8,0.2
700.0,0.6,0.4
701.0,0.8333333333333334,0.16666666666666666
702.0,1.0,0.0
703.0,1.0,0.0
704.0,0.6,0.4
705.0,0.7142857142857143,0.2857142857142857
706.0,0.6666666666666666,0.3333333333333333
707.0,0.9,0.1
708.0,0.875,0.125
709.0,0.6666666666666666,0.3333333333333333
710.0,0.5,0.5
711.0,0.8,0.2
712.0,0.75,0.25
713.0,1.0,0.0
714.0,0.8,0.2
715.0,0.6,0.4
716.0,0.875,0.125
717.0,0.625,0.375
718.0,0.8,0.2
719.0,0.6363636363636364,0.36363636363636365
720.0,0.6363636363636364,0.36363636363636365
721.0,1.0,0.0
722.0,0.75,0.25
723.0,0.8,0.2
724.0,0.8,0.2
725.0,0.0,1.0
726.0,0.5714285714285714,0.42857142857142855
727.0,0.16666666666666666,0.8333333333333334
728.0,0.75,0.25
729.0,0.5714285714285714,0.42857142857142855
730.0,0.8333333333333334,0.16666666666666666
731.0,1.0,0.0
732.0,0.8571428571428571,0.14285714285714285
733.0,0.7142857142857143,0.2857142857142857
734.0,0.7272727272727273,0.2727272727272727
735.0,0.8888888888888888,0.1111111111111111
736.0,1.0,0.0
737.0,0.8,0.2
738.0,0.625,0.375
739.0,0.9230769230769231,0.07692307692307693
740.0,0.6666666666666666,0.3333333333333333
741.0,1.0,0.0
742.0,0.6,0.4
743.0,0.3333333333333333,0.6666666666666666
744.0,1.0,0.0
745.0,1.0,0.0
746.0,0.3333333333333333,0.6666666666666666
747.0,0.8571428571428571,0.14285714285714285
748.0,0.5714285714285714,0.42857142857142855
749.0,0.5714285714285714,0.42857142857142855
750.0,1.0,0.0
751.0,0.875,0.125
752.0,0.6666666666666666,0.3333333333333333
753.0,1.0,0.0
754.0,1.0,0.0
755.0,1.0,0.0
756.0,0.8,0.2
757.0,1.0,0.0
758.0,0.7777777777777778,0.2222222222222222
759.0,1.0,0.0
760.0,0.75,0.25
761.0,0.625,0.375
762.0,0.8888888888888888,0.1111111111111111
763.0,1.0,0.0
764.0,1.0,0.0
765.0,0.8571428571428571,0.14285714285714285
766.0,0.6666666666666666,0.3333333333333333
767.0,0.75,0.25
768.0,0.75,0.25
769.0,1.0,0.0
770.0,1.0,0.0
771.0,0.8,0.2
772.0,0.875,0.125
773.0,0.8888888888888888,0.1111111111111111
774.0,0.75,0.25
775.0,0.5,0.5
776.0,0.75,0.25
777.0,0.8,0.2
778.0,1.0,0.0
779.0,0.8888888888888888,0.1111111111111111
780.0,0.8571428571428571,0.14285714285714285
781.0,0.7142857142857143,0.2857142857142857
782.0,0.8,0.2
783.0,1.0,0.0
784.0,0.6,0.4
785.0,0.6666666666666666,0.3333333333333333
786.0,1.0,0.0
787.0,0.9090909090909091,0.09090909090909091
788.0,0.8,0.2
789.0,0.6666666666666666,0.3333333333333333
790.0,0.875,0.125
791.0,0.42857142857142855,0.5714285714285714
792.0,0.8,0.2
793.0,0.8,0.2
794.0,1.0,0.0
795.0,0.7777777777777778,0.2222222222222222
796.0,1.0,0.0
797.0,1.0,0.0
798.0,1.0,0.0
799.0,0.4,0.6
800.0,0.8333333333333334,0.16666666666666666
801.0,0.8,0.2
802.0,1.0,0.0
803.0,1.0,0.0
804.0,0.6666666666666666,0.3333333333333333
805.0,1.0,0.0
806.0,0.75,0.25
807.0,1.0,0.0
808.0,0.7777777777777778,0.2222222222222222
809.0,0.8888888888888888,0.1111111111111111
810.0,0.625,0.375
811.0,0.5,0.5
812.0,0.6666666666666666,0.3333333333333333
813.0,0.6666666666666666,0.3333333333333333
814.0,0.8333333333333334,0.16666666666666666
815.0,0.5,0.5
816.0,0.75,0.25
817.0,1.0,0.0
818.0,1.0,0.0
819.0,1.0,0.0
820.0,1.0,0.0
821.0,0.8571428571428571,0.14285714285714285
822.0,0.6666666666666666,0.3333333333333333
823.0,0.875,0.125
824.0,1.0,0.0
825.0,0.75,0.25
826.0,0.75,0.25
827.0,1.0,0.0
828.0,1.0,0.0
829.0,1.0,0.0
830.0,1.0,0.0
831.0,0.5,0.5
832.0,0.875,0.125
833.0,1.0,0.0
834.0,0.75,0.25
835.0,0.8571428571428571,0.14285714285714285
836.0,0.8,0.2
837.0,1.0,0.0
838.0,0.8571428571428571,0.14285714285714285
839.0,0.2857142857142857,0.7142857142857143
840.0,0.6666666666666666,0.3333333333333333
841.0,0.75,0.25
842.0,0.75,0.25
843.0,1.0,0.0
844.0,0.75,0.25
845.0,1.0,0.0
846.0,0.8,0.2
847.0,0.8,0.2
848.0,0.8571428571428571,0.14285714285714285
849.0,1.0,0.0
850.0,1.0,0.0
851.0,1.0,0.0
852.0,0.6666666666666666,0.3333333333333333
853.0,1.0,0.0
854.0,0.6666666666666666,0.3333333333333333
855.0,1.0,0.0
856.0,0.5,0.5
857.0,0.8333333333333334,0.16666666666666666
858.0,1.0,0.0
859.0,1.0,0.0
860.0,0.0,1.0
861.0,0.6666666666666666,0.3333333333333333
862.0,0.5714285714285714,0.42857142857142855
863.0,0.5714285714285714,0.42857142857142855
864.0,0.8,0.2
865.0,1.0,0.0
866.0,1.0,0.0
867.0,1.0,0.0
868.0,1.0,0.0
869.0,0.5,0.5
870.0,1.0,0.0
871.0,1.0,0.0
872.0,0.5,0.5
873.0,1.0,0.0
875.0,1.0,0.0
876.0,0.0,1.0
877.0,0.75,0.25
878.0,0.5,0.5
879.0,0.6666666666666666,0.3333333333333333
880.0,0.625,0.375
881.0,1.0,0.0
882.0,0.25,0.75
883.0,0.5,0.5
884.0,1.0,0.0
885.0,0.8333333333333334,0.16666666666666666
886.0,0.5,0.5
887.0,1.0,0.0
888.0,0.75,0.25
889.0,0.75,0.25
890.0,0.5,0.5
891.0,0.6,0.4
892.0,0.75,0.25
893.0,0.8571428571428571,0.14285714285714285
894.0,1.0,0.0
895.0,0.8333333333333334,0.16666666666666666
896.0,0.5,0.5
897.0,0.6666666666666666,0.3333333333333333
898.0,0.75,0.25
899.0,0.6666666666666666,0.3333333333333333
900.0,0.6666666666666666,0.3333333333333333
901.0,0.8333333333333334,0.16666666666666666
902.0,0.6,0.4
903.0,0.6666666666666666,0.3333333333333333
904.0,1.0,0.0
905.0,1.0,0.0
906.0,0.75,0.25
907.0,0.3333333333333333,0.6666666666666666
908.0,1.0,0.0
909.0,0.5,0.5
910.0,0.6666666666666666,0.3333333333333333
911.0,1.0,0.0
912.0,0.6666666666666666,0.3333333333333333
913.0,0.8333333333333334,0.16666666666666666
914.0,1.0,0.0
915.0,1.0,0.0
916.0,1.0,0.0
917.0,1.0,0.0
918.0,0.6666666666666666,0.3333333333333333
919.0,1.0,0.0
920.0,0.5,0.5
921.0,0.6,0.4
922.0,1.0,0.0
923.0,1.0,0.0
924.0,0.75,0.25
925.0,0.5,0.5
926.0,1.0,0.0
927.0,1.0,0.0
928.0,0.5,0.5
929.0,0.7777777777777778,0.2222222222222222
930.0,0.75,0.25
931.0,1.0,0.0
932.0,0.5,0.5
933.0,0.0,1.0
934.0,0.5,0.5
935.0,0.75,0.25
936.0,0.6666666666666666,0.3333333333333333
937.0,1.0,0.0
938.0,0.6666666666666666,0.3333333333333333
939.0,0.5,0.5
940.0,1.0,0.0
941.0,0.8333333333333334,0.16666666666666666
942.0,1.0,0.0
943.0,1.0,0.0
944.0,0.8333333333333334,0.16666666666666666
945.0,1.0,0.0
946.0,0.6666666666666666,0.3333333333333333
947.0,0.75,0.25
948.0,0.4,0.6
949.0,1.0,0.0
950.0,1.0,0.0
951.0,0.75,0.25
952.0,1.0,0.0
954.0,0.6666666666666666,0.3333333333333333
955.0,1.0,0.0
956.0,1.0,0.0
957.0,1.0,0.0
958.0,0.4,0.6
959.0,1.0,0.0
960.0,1.0,0.0
961.0,0.8333333333333334,0.16666666666666666
962.0,1.0,0.0
963.0,1.0,0.0
964.0,1.0,0.0
965.0,1.0,0.0
966.0,0.8,0.2
967.0,0.8333333333333334,0.16666666666666666
968.0,1.0,0.0
969.0,1.0,0.0
970.0,1.0,0.0
971.0,0.5,0.5
972.0,1.0,0.0
973.0,1.0,0.0
974.0,0.5,0.5
975.0,0.75,0.25
976.0,0.5,0.5
977.0,1.0,0.0
978.0,1.0,0.0
979.0,1.0,0.0
980.0,0.5,0.5
981.0,0.75,0.25
982.0,0.6666666666666666,0.3333333333333333
983.0,0.9,0.1
984.0,0.0,1.0
985.0,1.0,0.0
986.0,0.75,0.25
987.0,1.0,0.0
988.0,0.6666666666666666,0.3333333333333333
989.0,1.0,0.0
990.0,0.8,0.2
991.0,1.0,0.0
992.0,0.8333333333333334,0.16666666666666666
994.0,0.6666666666666666,0.3333333333333333
995.0,1.0,0.0
996.0,1.0,0.0
997.0,0.3333333333333333,0.6666666666666666
998.0,0.6666666666666666,0.3333333333333333
999.0,1.0,0.0
1000.0,1.0,0.0
1001.0,0.5,0.5
1002.0,0.75,0.25
1003.0,0.5,0.5
1004.0,1.0,0.0
1005.0,0.5,0.5
1006.0,1.0,0.0
1007.0,1.0,0.0
1008.0,1.0,0.0
1009.0,1.0,0.0
1010.0,1.0,0.0
1011.0,0.6666666666666666,0.3333333333333333
1012.0,0.6666666666666666,0.3333333333333333
1013.0,1.0,0.0
1014.0,0.6666666666666666,0.3333333333333333
1015.0,0.8,0.2
1016.0,1.0,0.0
1017.0,1.0,0.0
1018.0,1.0,0.0
1019.0,1.0,0.0
1020.0,0.6666666666666666,0.3333333333333333
1021.0,1.0,0.0
1022.0,1.0,0.0
1023.0,0.5,0.5
1024.0,1.0,0.0
1025.0,1.0,0.0
1026.0,0.75,0.25
1027.0,1.0,0.0
1028.0,1.0,0.0
1029.0,0.75,0.25
1030.0,0.6,0.4
1031.0,1.0,0.0
1032.0,1.0,0.0
1033.0,1.0,0.0
1034.0,0.8,0.2
1035.0,1.0,0.0
1036.0,0.5,0.5
1037.0,0.8333333333333334,0.16666666666666666
1038.0,1.0,0.0
1039.0,1.0,0.0
1040.0,0.75,0.25
1041.0,0.75,0.25
1042.0,0.6666666666666666,0.3333333333333333
1043.0,0.6666666666666666,0.3333333333333333
1044.0,1.0,0.0
1045.0,1.0,0.0
1046.0,1.0,0.0
1047.0,1.0,0.0
1048.0,1.0,0.0
1049.0,0.75,0.25
1050.0,1.0,0.0
1051.0,1.0,0.0
1052.0,1.0,0.0
1053.0,0.6666666666666666,0.3333333333333333
1054.0,1.0,0.0
1055.0,1.0,0.0
1056.0,1.0,0.0
1057.0,1.0,0.0
1058.0,1.0,0.0
1059.0,0.75,0.25
1061.0,0.8,0.2
1062.0,1.0,0.0
1063.0,1.0,0.0
1064.0,1.0,0.0
1065.0,0.8888888888888888,0.1111111111111111
1066.0,0.25,0.75
1067.0,1.0,0.0
1068.0,1.0,0.0
1069.0,0.8,0.2
1070.0,1.0,0.0
1071.0,0.6666666666666666,0.3333333333333333
1072.0,0.8,0.2
1073.0,1.0,0.0
1074.0,1.0,0.0
1075.0,1.0,0.0
1076.0,0.5,0.5
1077.0,0.8,0.2
1078.0,0.8571428571428571,0.14285714285714285
1079.0,0.75,0.25
1080.0,0.8,0.2
1081.0,0.5,0.5
1082.0,0.6666666666666666,0.3333333333333333
1083.0,0.6666666666666666,0.3333333333333333
1084.0,1.0,0.0
1085.0,1.0,0.0
1086.0,0.8333333333333334,0.16666666666666666
1088.0,0.3333333333333333,0.6666666666666666
1089.0,0.5,0.5
1090.0,0.6666666666666666,0.3333333333333333
1091.0,0.8571428571428571,0.14285714285714285
1092.0,1.0,0.0
1093.0,1.0,0.0
1094.0,1.0,0.0
1095.0,0.6666666666666666,0.3333333333333333
1096.0,1.0,0.0
1097.0,0.5,0.5
1098.0,1.0,0.0
1099.0,1.0,0.0
1100.0,1.0,0.0
1101.0,1.0,0.0
1102.0,1.0,0.0
1103.0,1.0,0.0
1104.0,0.6666666666666666,0.3333333333333333
1105.0,0.5,0.5
1106.0,0.8,0.2
1107.0,0.3333333333333333,0.6666666666666666
1108.0,0.6,0.4
1109.0,1.0,0.0
1110.0,0.625,0.375
1111.0,1.0,0.0
1112.0,1.0,0.0
1113.0,1.0,0.0
1114.0,0.5,0.5
1115.0,1.0,0.0
1116.0,0.0,1.0
1117.0,1.0,0.0
1118.0,0.3333333333333333,0.6666666666666666
1119.0,1.0,0.0
1121.0,1.0,0.0
1122.0,0.6666666666666666,0.3333333333333333
1123.0,1.0,0.0
1124.0,0.5,0.5
1125.0,1.0,0.0
1126.0,1.0,0.0
1127.0,0.6666666666666666,0.3333333333333333
1128.0,0.8333333333333334,0.16666666666666666
1129.0,1.0,0.0
1130.0,0.6666666666666666,0.3333333333333333
1131.0,0.6666666666666666,0.3333333333333333
1132.0,1.0,0.0
1133.0,1.0,0.0
1134.0,1.0,0.0
1135.0,0.4,0.6
1136.0,1.0,0.0
1137.0,1.0,0.0
1138.0,0.75,0.25
1139.0,0.6666666666666666,0.3333333333333333
1140.0,0.5,0.5
1141.0,1.0,0.0
1142.0,1.0,0.0
1144.0,1.0,0.0
1145.0,0.6,0.4
1146.0,1.0,0.0
1147.0,1.0,0.0
1148.0,0.6666666666666666,0.3333333333333333
1149.0,0.5,0.5
1150.0,1.0,0.0
1151.0,1.0,0.0
1152.0,0.5,0.5
1153.0,1.0,0.0
1155.0,0.6,0.4
1156.0,0.75,0.25
1157.0,0.5,0.5
1158.0,0.75,0.25
1159.0,0.5,0.5
1160.0,1.0,0.0
1161.0,0.0,1.0
1162.0,0.8,0.2
1163.0,0.75,0.25
1164.0,0.6666666666666666,0.3333333333333333
1165.0,0.6666666666666666,0.3333333333333333
1166.0,0.5,0.5
1167.0,0.6666666666666666,0.3333333333333333
1169.0,1.0,0.0
1170.0,1.0,0.0
1172.0,1.0,0.0
1173.0,1.0,0.0
1174.0,0.6666666666666666,0.3333333333333333
1175.0,0.6666666666666666,0.3333333333333333
1176.0,1.0,0.0
1177.0,1.0,0.0
1179.0,1.0,0.0
1180.0,1.0,0.0
1181.0,1.0,0.0
1182.0,1.0,0.0
1183.0,1.0,0.0
1184.0,0.5,0.5
1185.0,1.0,0.0
1186.0,0.5,0.5
1189.0,0.8333333333333334,0.16666666666666666
1190.0,1.0,0.0
1191.0,0.75,0.25
1192.0,0.0,1.0
1193.0,0.0,1.0
1194.0,1.0,0.0
1195.0,1.0,0.0
1196.0,1.0,0.0
1197.0,0.75,0.25
1198.0,1.0,0.0
1199.0,0.5,0.5
1200.0,1.0,0.0
1201.0,0.5,0.5
1202.0,1.0,0.0
1203.0,0.6666666666666666,0.3333333333333333
1204.0,1.0,0.0
1205.0,1.0,0.0
1206.0,1.0,0.0
1207.0,0.75,0.25
1208.0,1.0,0.0
1209.0,1.0,0.0
1210.0,0.75,0.25
1211.0,0.75,0.25
1213.0,1.0,0.0
1214.0,1.0,0.0
1215.0,0.75,0.25
1217.0,1.0,0.0
1218.0,0.5,0.5
1219.0,1.0,0.0
1220.0,1.0,0.0
1221.0,1.0,0.0
1222.0,1.0,0.0
1223.0,1.0,0.0
1224.0,0.3333333333333333,0.6666666666666666
1225.0,0.75,0.25
1226.0,0.5,0.5
1227.0,0.6,0.4
1228.0,1.0,0.0
1229.0,1.0,0.0
1231.0,1.0,0.0
1232.0,1.0,0.0
1233.0,0.3333333333333333,0.6666666666666666
1234.0,1.0,0.0
1236.0,1.0,0.0
1237.0,1.0,0.0
1238.0,1.0,0.0
1239.0,1.0,0.0
1240.0,0.8,0.2
1241.0,1.0,0.0
1243.0,0.0,1.0
1244.0,0.6666666666666666,0.3333333333333333
1245.0,1.0,0.0
1246.0,0.0,1.0
1247.0,0.6666666666666666,0.3333333333333333
1248.0,1.0,0.0
1249.0,0.6666666666666666,0.3333333333333333
1250.0,0.75,0.25
1252.0,0.8,0.2
1253.0,1.0,0.0
1254.0,1.0,0.0
1255.0,0.6666666666666666,0.3333333333333333
1256.0,0.75,0.25
1257.0,1.0,0.0
1258.0,1.0,0.0
1259.0,1.0,0.0
1260.0,0.5,0.5
1261.0,1.0,0.0
1262.0,1.0,0.0
1263.0,1.0,0.0
1264.0,0.0,1.0
1265.0,1.0,0.0
1266.0,1.0,0.0
1267.0,1.0,0.0
1269.0,1.0,0.0
1270.0,1.0,0.0
1272.0,1.0,0.0
1273.0,1.0,0.0
1274.0,0.5,0.5
1275.0,1.0,0.0
1276.0,1.0,0.0
1277.0,0.6666666666666666,0.3333333333333333
1278.0,1.0,0.0
1279.0,0.5,0.5
1280.0,0.75,0.25
1281.0,0.5,0.5
1283.0,1.0,0.0
1284.0,1.0,0.0
1285.0,0.75,0.25
1286.0,1.0,0.0
1287.0,0.6666666666666666,0.3333333333333333
1288.0,0.5,0.5
1289.0,1.0,0.0
1291.0,1.0,0.0
1292.0,1.0,0.0
1293.0,0.75,0.25
1294.0,1.0,0.0
1295.0,0.8,0.2
1296.0,1.0,0.0
1297.0,1.0,0.0
1298.0,1.0,0.0
1300.0,1.0,0.0
1302.0,1.0,0.0
1303.0,1.0,0.0
1304.0,0.5,0.5
1305.0,1.0,0.0
1306.0,1.0,0.0
1308.0,1.0,0.0
1309.0,1.0,0.0
1310.0,1.0,0.0
1311.0,0.6666666666666666,0.3333333333333333
1312.0,0.6666666666666666,0.3333333333333333
1313.0,0.5,0.5
1314.0,1.0,0.0
1315.0,0.0,1.0
1316.0,0.5,0.5
1318.0,1.0,0.0
1319.0,1.0,0.0
1320.0,0.75,0.25
1321.0,0.5,0.5
1322.0,1.0,0.0
1324.0,1.0,0.0
1325.0,0.5,0.5
1326.0,1.0,0.0
1327.0,1.0,0.0
1328.0,1.0,0.0
1329.0,1.0,0.0
1330.0,0.75,0.25
1331.0,1.0,0.0
1332.0,1.0,0.0
1334.0,0.6666666666666666,0.3333333333333333
1335.0,0.5,0.5
1336.0,1.0,0.0
1337.0,1.0,0.0
1338.0,1.0,0.0
1340.0,1.0,0.0
1341.0,1.0,0.0
1342.0,1.0,0.0
1343.0,0.6666666666666666,0.3333333333333333
1344.0,1.0,0.0
1345.0,1.0,0.0
1346.0,1.0,0.0
1347.0,0.6666666666666666,0.3333333333333333
1348.0,1.0,0.0
1350.0,1.0,0.0
1351.0,0.6666666666666666,0.3333333333333333
1352.0,1.0,0.0
1353.0,0.0,1.0
1355.0,0.0,1.0
1357.0,1.0,0.0
1358.0,1.0,0.0
1361.0,1.0,0.0
1362.0,0.0,1.0
1363.0,1.0,0.0
1364.0,0.5,0.5
1365.0,0.5,0.5
1366.0,0.5,0.5
1368.0,0.6666666666666666,0.3333333333333333
1369.0,1.0,0.0
1370.0,1.0,0.0
1371.0,0.5,0.5
1372.0,1.0,0.0
1373.0,0.0,1.0
1375.0,1.0,0.0
1376.0,1.0,0.0
1377.0,1.0,0.0
1379.0,0.5,0.5
1380.0,1.0,0.0
1381.0,1.0,0.0
1383.0,1.0,0.0
1384.0,0.0,1.0
1385.0,1.0,0.0
1386.0,1.0,0.0
1387.0,1.0,0.0
1388.0,1.0,0.0
1390.0,1.0,0.0
1391.0,1.0,0.0
1392.0,1.0,0.0
1393.0,0.0,1.0
1394.0,1.0,0.0
1396.0,1.0,0.0
1398.0,1.0,0.0
1399.0,1.0,0.0
1400.0,1.0,0.0
1401.0,0.5,0.5
1404.0,1.0,0.0
1405.0,1.0,0.0
1406.0,1.0,0.0
1407.0,1.0,0.0
1408.0,0.0,1.0
1409.0,1.0,0.0
1410.0,0.0,1.0
1411.0,1.0,0.0
1412.0,1.0,0.0
1413.0,1.0,0.0
1414.0,1.0,0.0
1415.0,1.0,0.0
1416.0,1.0,0.0
1417.0,0.6666666666666666,0.3333333333333333
1418.0,1.0,0.0
1419.0,1.0,0.0
1421.0,0.5,0.5
1422.0,1.0,0.0
1423.0,1.0,0.0
1426.0,1.0,0.0
1427.0,1.0,0.0
1428.0,1.0,0.0
1430.0,1.0,0.0
1431.0,1.0,0.0
1432.0,1.0,0.0
1434.0,1.0,0.0
1435.0,0.5,0.5
1436.0,1.0,0.0
1438.0,1.0,0.0
1439.0,0.5,0.5
1440.0,1.0,0.0
1441.0,1.0,0.0
1442.0,0.5,0.5
1443.0,1.0,0.0
1444.0,1.0,0.0
1445.0,0.8333333333333334,0.16666666666666666
1446.0,1.0,0.0
1447.0,1.0,0.0
1448.0,1.0,0.0
1450.0,1.0,0.0
1451.0,1.0,0.0
1452.0,1.0,0.0
1453.0,1.0,0.0
1454.0,0.3333333333333333,0.6666666666666666
1456.0,1.0,0.0
1457.0,0.5,0.5
1458.0,0.5,0.5
1459.0,0.0,1.0
1460.0,0.6666666666666666,0.3333333333333333
1461.0,0.5,0.5
1462.0,0.6666666666666666,0.3333333333333333
1463.0,1.0,0.0
1464.0,1.0,0.0
1465.0,1.0,0.0
1466.0,1.0,0.0
1468.0,1.0,0.0
1469.0,0.6666666666666666,0.3333333333333333
1471.0,0.6666666666666666,0.3333333333333333
1474.0,0.0,1.0
1475.0,1.0,0.0
1477.0,1.0,0.0
1481.0,0.6666666666666666,0.3333333333333333
1482.0,1.0,0.0
1483.0,0.0,1.0
1484.0,1.0,0.0
1485.0,1.0,0.0
1489.0,0.0,1.0
1491.0,1.0,0.0
1492.0,1.0,0.0
1494.0,1.0,0.0
1496.0,0.3333333333333333,0.6666666666666666
1497.0,1.0,0.0
1498.0,0.3333333333333333,0.6666666666666666
1499.0,1.0,0.0
1500.0,0.5,0.5
1501.0,1.0,0.0
1503.0,1.0,0.0
1504.0,0.5,0.5
1506.0,1.0,0.0
1507.0,0.0,1.0
1508.0,0.5,0.5
1511.0,1.0,0.0
1513.0,1.0,0.0
1514.0,1.0,0.0
1515.0,1.0,0.0
1516.0,1.0,0.0
1518.0,1.0,0.0
1519.0,0.0,1.0
1520.0,1.0,0.0
1521.0,1.0,0.0
1522.0,1.0,0.0
1524.0,0.0,1.0
1525.0,0.75,0.25
1527.0,1.0,0.0
1530.0,1.0,0.0
1531.0,0.0,1.0
1532.0,1.0,0.0
1533.0,1.0,0.0
1534.0,1.0,0.0
1539.0,0.0,1.0
1540.0,1.0,0.0
1541.0,0.5,0.5
1542.0,1.0,0.0
1544.0,0.0,1.0
1547.0,0.0,1.0
1549.0,0.5,0.5
1551.0,1.0,0.0
1552.0,1.0,0.0
1554.0,1.0,0.0
1555.0,1.0,0.0
1557.0,0.6666666666666666,0.3333333333333333
1558.0,0.0,1.0
1562.0,0.0,1.0
1563.0,1.0,0.0
1564.0,1.0,0.0
1565.0,1.0,0.0
1566.0,1.0,0.0
1567.0,1.0,0.0
1568.0,0.0,1.0
1569.0,1.0,0.0
1570.0,1.0,0.0
1571.0,0.5,0.5
1572.0,1.0,0.0
1573.0,1.0,0.0
1575.0,0.0,1.0
1576.0,1.0,0.0
1577.0,1.0,0.0
1579.0,1.0,0.0
1580.0,1.0,0.0
1581.0,1.0,0.0
1582.0,0.0,1.0
1584.0,1.0,0.0
1585.0,1.0,0.0
1586.0,1.0,0.0
1587.0,1.0,0.0
1589.0,1.0,0.0
1593.0,0.0,1.0
1594.0,1.0,0.0
1595.0,0.5,0.5
1598.0,0.0,1.0
1600.0,1.0,0.0
1601.0,0.0,1.0
1602.0,1.0,0.0
1603.0,1.0,0.0
1608.0,0.5,0.5
1609.0,1.0,0.0
1613.0,1.0,0.0
1614.0,1.0,0.0
1615.0,1.0,0.0
1616.0,1.0,0.0
1617.0,1.0,0.0
1618.0,0.0,1.0
1619.0,1.0,0.0
1620.0,1.0,0.0
1621.0,1.0,0.0
1622.0,1.0,0.0
1623.0,1.0,0.0
1627.0,1.0,0.0
1628.0,1.0,0.0
1629.0,1.0,0.0
1630.0,1.0,0.0
1631.0,0.0,1.0
1637.0,1.0,0.0
1638.0,0.0,1.0
1640.0,0.5,0.5
1642.0,1.0,0.0
1643.0,0.0,1.0
1644.0,1.0,0.0
1645.0,1.0,0.0
1648.0,0.0,1.0
1650.0,1.0,0.0
1653.0,0.0,1.0
1654.0,1.0,0.0
1655.0,1.0,0.0
1656.0,0.0,1.0
1659.0,1.0,0.0
1665.0,1.0,0.0
1666.0,0.0,1.0
1668.0,0.6666666666666666,0.3333333333333333
1669.0,1.0,0.0
1670.0,0.5,0.5
1671.0,0.0,1.0
1672.0,1.0,0.0
1673.0,1.0,0.0
1675.0,1.0,0.0
1676.0,0.5,0.5
1677.0,1.0,0.0
1679.0,0.6666666666666666,0.3333333333333333
1681.0,1.0,0.0
1682.0,0.0,1.0
1684.0,0.6666666666666666,0.3333333333333333
1686.0,0.5,0.5
1687.0,1.0,0.0
1690.0,1.0,0.0
1691.0,0.5,0.5
1692.0,1.0,0.0
1693.0,1.0,0.0
1694.0,0.5,0.5
1695.0,1.0,0.0
1696.0,1.0,0.0
1698.0,1.0,0.0
1701.0,1.0,0.0
1702.0,0.5,0.5
1703.0,1.0,0.0
1706.0,1.0,0.0
1707.0,1.0,0.0
1708.0,0.0,1.0
1709.0,1.0,0.0
1713.0,1.0,0.0
1716.0,1.0,0.0
1718.0,0.5,0.5
1720.0,1.0,0.0
1722.0,1.0,0.0
1723.0,1.0,0.0
1726.0,1.0,0.0
1728.0,1.0,0.0
1735.0,0.6666666666666666,0.3333333333333333
1736.0,1.0,0.0
1737.0,1.0,0.0
1739.0,1.0,0.0
1742.0,1.0,0.0
1744.0,1.0,0.0
1746.0,0.0,1.0
1749.0,1.0,0.0
1750.0,1.0,0.0
1751.0,0.25,0.75
1752.0,1.0,0.0
1757.0,1.0,0.0
1758.0,1.0,0.0
1759.0,1.0,0.0
1760.0,1.0,0.0
1762.0,1.0,0.0
1764.0,1.0,0.0
1765.0,1.0,0.0
1767.0,1.0,0.0
1769.0,0.5,0.5
1776.0,0.5,0.5
1777.0,1.0,0.0
1784.0,1.0,0.0
1785.0,0.0,1.0
1787.0,1.0,0.0
1790.0,0.0,1.0
1792.0,0.5,0.5
1794.0,1.0,0.0
1796.0,1.0,0.0
1799.0,0.0,1.0
1800.0,1.0,0.0
1802.0,1.0,0.0
1803.0,1.0,0.0
1804.0,0.0,1.0
1807.0,1.0,0.0
1811.0,1.0,0.0
1814.0,1.0,0.0
1816.0,0.3333333333333333,0.6666666666666666
1817.0,1.0,0.0
1818.0,0.0,1.0
1819.0,1.0,0.0
1822.0,0.0,1.0
1823.0,0.3333333333333333,0.6666666666666666
1825.0,1.0,0.0
1829.0,1.0,0.0
1831.0,0.0,1.0
1832.0,0.5,0.5
1841.0,0.0,1.0
1843.0,1.0,0.0
1844.0,1.0,0.0
1845.0,1.0,0.0
1847.0,1.0,0.0
1848.0,1.0,0.0
1849.0,1.0,0.0
1850.0,1.0,0.0
1852.0,1.0,0.0
1853.0,1.0,0.0
1855.0,1.0,0.0
1856.0,1.0,0.0
1857.0,0.5,0.5
1859.0,0.0,1.0
1860.0,1.0,0.0
1862.0,1.0,0.0
1864.0,1.0,0.0
1866.0,0.0,1.0
1872.0,1.0,0.0
1873.0,1.0,0.0
1874.0,1.0,0.0
1878.0,1.0,0.0
1880.0,0.0,1.0
1881.0,0.6666666666666666,0.3333333333333333
1884.0,1.0,0.0
1887.0,1.0,0.0
1888.0,1.0,0.0
1889.0,1.0,0.0
1891.0,1.0,0.0
1892.0,1.0,0.0
1896.0,1.0,0.0
1898.0,1.0,0.0
1900.0,1.0,0.0
1901.0,1.0,0.0
1902.0,1.0,0.0
1903.0,1.0,0.0
1906.0,0.0,1.0
1912.0,1.0,0.0
1914.0,1.0,0.0
1920.0,1.0,0.0
1929.0,1.0,0.0
1931.0,1.0,0.0
1934.0,1.0,0.0
1945.0,1.0,0.0
1947.0,1.0,0.0
1951.0,1.0,0.0
1952.0,1.0,0.0
1955.0,1.0,0.0
1956.0,1.0,0.0
1961.0,0.5,0.5
1965.0,1.0,0.0
1966.0,1.0,0.0
1971.0,1.0,0.0
1974.0,1.0,0.0
1976.0,0.0,1.0
1978.0,1.0,0.0
1981.0,1.0,0.0
1982.0,1.0,0.0
1997.0,1.0,0.0
2001.0,1.0,0.0
2002.0,1.0,0.0
2003.0,1.0,0.0
2004.0,0.0,1.0
2008.0,1.0,0.0
2010.0,1.0,0.0
2014.0,0.0,1.0
2016.0,1.0,0.0
2017.0,1.0,0.0
2018.0,1.0,0.0
2021.0,1.0,0.0
2022.0,1.0,0.0
2023.0,1.0,0.0
2026.0,0.0,1.0
2028.0,0.5,0.5
2030.0,1.0,0.0
2032.0,1.0,0.0
2033.0,0.0,1.0
2034.0,1.0,0.0
2038.0,1.0,0.0
2039.0,0.0,1.0
2040.0,1.0,0.0
2041.0,1.0,0.0
2045.0,0.0,1.0
2046.0,0.0,1.0
2047.0,1.0,0.0
2057.0,1.0,0.0
2059.0,1.0,0.0
2061.0,0.5,0.5
2062.0,1.0,0.0
2063.0,1.0,0.0
2064.0,1.0,0.0
2066.0,1.0,0.0
2068.0,1.0,0.0
2069.0,1.0,0.0
2071.0,0.0,1.0
2075.0,1.0,0.0
2076.0,1.0,0.0
2078.0,1.0,0.0
2083.0,1.0,0.0
2084.0,1.0,0.0
2086.0,1.0,0.0
2089.0,1.0,0.0
2090.0,1.0,0.0
2094.0,1.0,0.0
2099.0,0.0,1.0
2100.0,0.5,0.5
2102.0,0.0,1.0
2105.0,1.0,0.0
2113.0,0.0,1.0
2114.0,1.0,0.0
2117.0,0.0,1.0
2132.0,1.0,0.0
2133.0,0.0,1.0
2141.0,0.0,1.0
2147.0,1.0,0.0
2148.0,1.0,0.0
2153.0,1.0,0.0
2156.0,1.0,0.0
2161.0,1.0,0.0
2165.0,1.0,0.0
2166.0,1.0,0.0
2167.0,1.0,0.0
2169.0,0.0,1.0
2178.0,1.0,0.0
2179.0,1.0,0.0
2181.0,1.0,0.0
2182.0,1.0,0.0
2184.0,1.0,0.0
2185.0,0.0,1.0
2188.0,1.0,0.0
2197.0,0.0,1.0
2199.0,1.0,0.0
2200.0,1.0,0.0
2201.0,1.0,0.0
2204.0,0.0,1.0
2207.0,0.0,1.0
2210.0,1.0,0.0
2216.0,1.0,0.0
2224.0,1.0,0.0
2228.0,1.0,0.0
2230.0,1.0,0.0
2241.0,0.0,1.0
2248.0,0.0,1.0
2254.0,1.0,0.0
2257.0,1.0,0.0
2284.0,0.0,1.0
2290.0,0.5,0.5
2299.0,1.0,0.0
2309.0,0.0,1.0
2314.0,0.5,0.5
2318.0,1.0,0.0
2326.0,0.0,1.0
2330.0,0.0,1.0
2338.0,0.0,1.0
2343.0,1.0,0.0
2347.0,1.0,0.0
2350.0,1.0,0.0
2360.0,1.0,0.0
2361.0,0.0,1.0
2364.0,1.0,0.0
2369.0,0.5,0.5
2371.0,1.0,0.0
2375.0,1.0,0.0
2377.0,1.0,0.0
2384.0,1.0,0.0
2385.0,0.0,1.0
2392.0,0.0,1.0
2399.0,1.0,0.0
2420.0,1.0,0.0
2424.0,1.0,0.0
2428.0,1.0,0.0
2432.0,1.0,0.0
2436.0,1.0,0.0
2439.0,1.0,0.0
2443.0,1.0,0.0
2445.0,1.0,0.0
2446.0,0.0,1.0
2452.0,0.0,1.0
2454.0,1.0,0.0
2470.0,1.0,0.0
2476.0,0.0,1.0
2478.0,0.0,1.0
2486.0,1.0,0.0
2490.0,1.0,0.0
2500.0,1.0,0.0
2505.0,1.0,0.0
2521.0,1.0,0.0
2525.0,1.0,0.0
2536.0,1.0,0.0
2540.0,1.0,0.0
2541.0,0.5,0.5
2554.0,1.0,0.0
2556.0,1.0,0.0
2558.0,1.0,0.0
2563.0,1.0,0.0
2565.0,1.0,0.0
2572.0,1.0,0.0
2573.0,1.0,0.0
2580.0,1.0,0.0
2582.0,1.0,0.0
2593.0,1.0,0.0
2610.0,1.0,0.0
2611.0,1.0,0.0
2620.0,1.0,0.0
2621.0,0.0,1.0
2632.0,0.5,0.5
2635.0,1.0,0.0
2636.0,0.0,1.0
2641.0,1.0,0.0
2645.0,1.0,0.0
2656.0,1.0,0.0
2664.0,0.0,1.0
2668.0,1.0,0.0
2674.0,1.0,0.0
2679.0,1.0,0.0
2689.0,1.0,0.0
2691.0,1.0,0.0
2704.0,1.0,0.0
2708.0,1.0,0.0
2718.0,1.0,0.0
2728.0,0.0,1.0
2730.0,1.0,0.0
2735.0,1.0,0.0
2747.0,0.0,1.0
2761.0,0.0,1.0
2778.0,0.5,0.5
2780.0,1.0,0.0
2784.0,0.0,1.0
2791.0,0.0,1.0
2793.0,1.0,0.0
2794.0,1.0,0.0
2795.0,1.0,0.0
2799.0,1.0,0.0
2814.0,1.0,0.0
2817.0,0.0,1.0
2828.0,0.0,1.0
2835.0,1.0,0.0
2847.0,1.0,0.0
2849.0,1.0,0.0
2865.0,1.0,0.0
2874.0,1.0,0.0
2885.0,0.0,1.0
2889.0,1.0,0.0
2900.0,1.0,0.0
2936.0,1.0,0.0
2942.0,1.0,0.0
2957.0,1.0,0.0
2958.0,1.0,0.0
2963.0,1.0,0.0
2997.0,0.0,1.0
3007.0,0.0,1.0
3021.0,0.0,1.0
3037.0,1.0,0.0
3050.0,1.0,0.0
3074.0,0.0,1.0
3103.0,1.0,0.0
3174.0,1.0,0.0
3220.0,1.0,0.0
3222.0,1.0,0.0
3233.0,0.0,1.0
3259.0,0.0,1.0
3288.0,1.0,0.0
3290.0,1.0,0.0
3309.0,0.0,1.0
3326.0,1.0,0.0
3359.0,1.0,0.0
3376.0,1.0,0.0
3395.0,1.0,0.0
3403.0,1.0,0.0
3467.0,0.0,1.0
3506.0,0.0,1.0
3510.0,0.0,1.0
3537.0,0.0,1.0
3550.0,1.0,0.0
3560.0,1.0,0.0
3586.0,0.0,1.0
3603.0,1.0,0.0
3650.0,1.0,0.0
3652.0,0.0,1.0
3664.0,1.0,0.0
3730.0,0.0,1.0
3735.0,1.0,0.0
3736.0,1.0,0.0
3740.0,0.0,1.0
3940.0,1.0,0.0
3974.0,0.0,1.0
4044.0,1.0,0.0
4046.0,0.0,1.0
4063.0,1.0,0.0
4110.0,1.0,0.0
4130.0,0.0,1.0
4306.0,1.0,0.0
4451.0,0.0,1.0
4514.0,1.0,0.0
4661.0,0.0,1.0
5194.0,1.0,0.0
5553.0,1.0,0.0
5562.0,1.0,0.0
6336.0,0.0,1.0
6505.0,1.0,0.0
7034.0,1.0,0.0
7764.0,1.0,0.0
8474.0,0.0,1.0
